{"autoplayTransitionDelay":5,"author":"","timestamp":"2020-9-20 0:2:7","loopSlideshow":0,"filename":"스터디_발표자료","autoplayBuildDelay":2,"comment":"","title":"스터디_발표자료","showMode":0,"creator":"Apple Keynote 9.2.1","slideList":["F5057EA2-4716-4807-A6B6-2DFCA1C75B8A","7E7E37D8-6391-4739-87A7-845CBEA052BD","B58C97E5-7C97-4B40-8DAF-215C3430F53D","18A846C3-814E-4226-9E46-3E1E1DB468BE","C0122FDD-F254-4DF2-A00B-F9B216DFB169","485F3872-5F81-46B5-BEC7-0EB7C7B09F67","651B65B5-E02A-49EB-BF79-DD6EF2976ED8","286DE4EB-07C1-4AED-A859-AB6060232E77","17344FD5-6756-4AEC-8467-04C3D0A2AFC3","E4920C08-5B57-41FF-872B-2A5F2C375E88","603E3CCC-EB66-4153-B82A-AFA7BBCED798","D6A5F3F2-223B-44C9-B7BD-0A73B2CEE778","14DEAA0C-DF4A-4479-A131-6EA165BAE985","FBC515E9-C817-4E7F-A9FF-D243804F828C","AF798013-8087-4581-9290-969F760B041A","1C8E9E02-7A67-4BB8-9D5C-AF66A68E8635","7DD27B46-5FBB-441D-B7C4-6D2C7E4BF415","6013B832-86A8-4CBB-8910-3E12730A7489","BF3939F3-2EE4-4F84-BEEE-E855DA2585A2","3A77B105-1593-4D68-A390-D112F8EE2466"],"soundtrack":{"mode":0,"volume":1},"slideWidth":1024,"slideHeight":768,"slideCount":20,"majorVersion":1,"minorVersion":2,"fonts":["HelveticaNeue-Light","HelveticaNeue-Bold","HelveticaNeue-Italic","Helvetica","STIXGeneral-Regular","AppleMyungjo","GillSans","AppleSDGothicNeo-Light","STIXVariants-Regular","HelveticaNeue-Medium","HelveticaNeue-Thin","HelveticaNeue","AppleSDGothicNeo-Regular"]}