{"assets":{"D72E6BA3B3DDE7D8ABAB7DBE0A588EF3":{"type":"texture","index":0,"assetRequest":{"type":"slide","state":"contents","slide":"none"},"url":{"native":"assets\/7E7E37D8-6391-4739-87A7-845CBEA052BD.pdf"},"width":1024,"height":768},"495DF07A8738DD488651BF77EEF6D2F1":{"type":"texture","index":1,"assetRequest":{"type":"slide","state":"contents","slide":"none"},"url":{"native":"assets\/7E7E37D8-6391-4739-87A7-845CBEA052BD.pdf"},"width":1024,"height":768}},"events":[{"effects":[{"beginTime":0,"baseLayer":{"animations":[],"initialState":{"affineTransform":[1,0,0,1,0,0],"masksToBounds":false,"rotation":0,"scale":1,"position":{"pointX":512,"pointY":384},"width":1024,"sublayerTransform":[1,0,0,0,0,1,0,0,0,0,1,0,0,0,0,1],"contentsRect":{"y":0,"x":0,"width":1,"height":1},"opacity":1,"edgeAntialiasingMask":251658240,"height":768,"hidden":false,"anchorPoint":{"pointX":0.5,"pointY":0.5}},"objectID":"0","layers":[{"animations":[],"initialState":{"affineTransform":[1,0,0,1,0,0],"masksToBounds":false,"rotation":0,"scale":1,"position":{"pointX":512,"pointY":384},"width":1024,"sublayerTransform":[1,0,0,0,0,1,0,0,0,0,1,-0.00049229876906403734,0,0,0,1],"contentsRect":{"y":0,"x":0,"width":1,"height":1},"opacity":1,"edgeAntialiasingMask":251658240,"height":768,"hidden":false,"anchorPoint":{"pointX":0.5,"pointY":0.5}},"layers":[{"animations":[],"layers":[],"texturedRectangle":{"isBackgroundTexture":false,"singleTextureOpacity":1,"textureType":0,"textBaseline":0,"textXHeight":0,"isVerticalText":false},"initialState":{"affineTransform":[1,0,0,1,0,0],"masksToBounds":false,"rotation":0,"scale":1,"position":{"pointX":512,"pointY":384},"width":1024,"sublayerTransform":[1,0,0,0,0,1,0,0,0,0,1,0,0,0,0,1],"contentsRect":{"y":0,"x":0,"width":1,"height":1},"opacity":1,"edgeAntialiasingMask":0,"height":768,"hidden":false,"anchorPoint":{"pointX":0.5,"pointY":0.5}},"texture":"495DF07A8738DD488651BF77EEF6D2F1"},{"animations":[{"timeOffset":0,"from":{"scalar":false},"beginTime":0,"repeatCount":0,"fillMode":"both","property":"hidden","autoreverses":false,"duration":0.01,"to":{"scalar":true}}],"layers":[],"texturedRectangle":{"isBackgroundTexture":false,"singleTextureOpacity":1,"textureType":0,"textBaseline":0,"textXHeight":0,"isVerticalText":false},"initialState":{"affineTransform":[1,0,0,1,0,0],"masksToBounds":false,"rotation":0,"scale":1,"position":{"pointX":512,"pointY":384},"width":1024,"sublayerTransform":[1,0,0,0,0,1,0,0,0,0,1,0,0,0,0,1],"contentsRect":{"y":0,"x":0,"width":1,"height":1},"opacity":1,"edgeAntialiasingMask":0,"height":768,"hidden":false,"anchorPoint":{"pointX":0.5,"pointY":0.5}},"texture":"D72E6BA3B3DDE7D8ABAB7DBE0A588EF3"}]}]},"effects":[],"duration":0.01,"type":"transition","attributes":{"direction":0},"name":"none","objectID":"0"}],"automaticPlay":false,"hyperlinks":[{"url":"https:\/\/wikidocs.net\/21668","targetRectangle":{"y":290.49999999999977,"x":204.38594520930076,"width":192.76800000000003,"height":40.688105392456066}},{"url":"https:\/\/wikidocs.net\/21687","targetRectangle":{"y":319.077669383429,"x":204.38594520930076,"width":202.65600000000001,"height":82.688105392456123}},{"url":"https:\/\/wikidocs.net\/21668","targetRectangle":{"y":389.65533876685822,"x":204.38594520930076,"width":237.56800000000004,"height":82.688105392456123}},{"url":"https:\/\/wikidocs.net\/22886","targetRectangle":{"y":460.23300815028745,"x":204.38594520930076,"width":138.39999999999998,"height":81.800000000000068}},{"url":"https:\/\/wikidocs.net\/21668","targetRectangle":{"y":530.09300767583454,"x":204.38594520930076,"width":187.74400000000003,"height":82.688105392456009}},{"url":"https:\/\/wikidocs.net\/21668","targetRectangle":{"y":288.49999999905913,"x":550.07029651329901,"width":196.63999999999999,"height":40.688105392456066}}],"accessibility":[{"text":"References","targetRectangle":{"y":58,"x":302.95999999999998,"width":418.07999999999998,"height":94.679443359375}},{"text":"언어 모델이란?","targetRectangle":{"y":290.49999999999977,"x":204.38594520930076,"width":192.76800000000003,"height":40.688105392456066}},{"text":"통계적 언어모델","targetRectangle":{"y":319.077669383429,"x":204.38594520930076,"width":202.65600000000001,"height":82.688105392456123}},{"text":"N-gram 언어 모델","targetRectangle":{"y":389.65533876685822,"x":204.38594520930076,"width":237.56800000000004,"height":82.688105392456123}},{"text":"순환신경망","targetRectangle":{"y":460.23300815028745,"x":204.38594520930076,"width":138.39999999999998,"height":81.800000000000068}},{"text":"RNN 언어모델","targetRectangle":{"y":530.09300767583454,"x":204.38594520930076,"width":187.74400000000003,"height":82.688105392456009}},{"text":"한국어 임베딩 - 이기창","targetRectangle":{"y":430.72381636419141,"x":550.07029660976002,"width":288.25599999999997,"height":39.888105392456055}},{"text":"글자 단위 RNN","targetRectangle":{"y":288.49999999905913,"x":550.07029651329901,"width":196.63999999999999,"height":40.688105392456066}},{"text":"실습","targetRectangle":{"y":220.07317293806238,"x":611.56785358212721,"width":69.199999999999932,"height":48}},{"text":"기타 자료","targetRectangle":{"y":360.29698562912847,"x":571.40785367763124,"width":149.51999999999998,"height":51.159936428070068}},{"text":"위키독스","targetRectangle":{"y":220.07317295118901,"x":231.2835023302772,"width":138.39999999999998,"height":48}}],"baseLayer":{"animations":[],"initialState":{"affineTransform":[1,0,0,1,0,0],"masksToBounds":false,"rotation":0,"scale":1,"position":{"pointX":512,"pointY":384},"width":1024,"sublayerTransform":[1,0,0,0,0,1,0,0,0,0,1,0,0,0,0,1],"contentsRect":{"y":0,"x":0,"width":1,"height":1},"opacity":1,"edgeAntialiasingMask":251658240,"height":768,"hidden":false,"anchorPoint":{"pointX":0.5,"pointY":0.5}},"objectID":"0","layers":[{"animations":[],"initialState":{"affineTransform":[1,0,0,1,0,0],"masksToBounds":false,"rotation":0,"scale":1,"position":{"pointX":512,"pointY":384},"width":1024,"sublayerTransform":[1,0,0,0,0,1,0,0,0,0,1,-0.00049229876906403734,0,0,0,1],"contentsRect":{"y":0,"x":0,"width":1,"height":1},"opacity":1,"edgeAntialiasingMask":251658240,"height":768,"hidden":false,"anchorPoint":{"pointX":0.5,"pointY":0.5}},"layers":[{"animations":[],"layers":[],"texturedRectangle":{"isBackgroundTexture":false,"singleTextureOpacity":1,"textureType":0,"textBaseline":0,"textXHeight":0,"isVerticalText":false},"initialState":{"affineTransform":[1,0,0,1,0,0],"masksToBounds":false,"rotation":0,"scale":1,"position":{"pointX":512,"pointY":384},"width":1024,"sublayerTransform":[1,0,0,0,0,1,0,0,0,0,1,0,0,0,0,1],"contentsRect":{"y":0,"x":0,"width":1,"height":1},"opacity":1,"edgeAntialiasingMask":0,"height":768,"hidden":false,"anchorPoint":{"pointX":0.5,"pointY":0.5}},"texture":"D72E6BA3B3DDE7D8ABAB7DBE0A588EF3"}]}]}}]}