{"assets":{"225A04CFC03E005168938DB8EE041E59":{"type":"texture","index":0,"assetRequest":{"type":"slide","state":"contents","slide":"none"},"url":{"native":"assets\/1C8E9E02-7A67-4BB8-9D5C-AF66A68E8635.pdf"},"width":1024,"height":768},"E962873798FC6DA614CA96F00CE5DA19":{"type":"texture","index":1,"assetRequest":{"type":"slide","state":"contents","slide":"none"},"url":{"native":"assets\/1C8E9E02-7A67-4BB8-9D5C-AF66A68E8635.pdf"},"width":1024,"height":768}},"events":[{"effects":[{"beginTime":0,"baseLayer":{"animations":[],"initialState":{"affineTransform":[1,0,0,1,0,0],"masksToBounds":false,"rotation":0,"scale":1,"position":{"pointX":512,"pointY":384},"width":1024,"sublayerTransform":[1,0,0,0,0,1,0,0,0,0,1,0,0,0,0,1],"contentsRect":{"y":0,"x":0,"width":1,"height":1},"opacity":1,"edgeAntialiasingMask":251658240,"height":768,"hidden":false,"anchorPoint":{"pointX":0.5,"pointY":0.5}},"objectID":"0","layers":[{"animations":[],"initialState":{"affineTransform":[1,0,0,1,0,0],"masksToBounds":false,"rotation":0,"scale":1,"position":{"pointX":512,"pointY":384},"width":1024,"sublayerTransform":[1,0,0,0,0,1,0,0,0,0,1,-0.00049229876906403734,0,0,0,1],"contentsRect":{"y":0,"x":0,"width":1,"height":1},"opacity":1,"edgeAntialiasingMask":251658240,"height":768,"hidden":false,"anchorPoint":{"pointX":0.5,"pointY":0.5}},"layers":[{"animations":[],"layers":[],"texturedRectangle":{"isBackgroundTexture":false,"singleTextureOpacity":1,"textureType":0,"textBaseline":0,"textXHeight":0,"isVerticalText":false},"initialState":{"affineTransform":[1,0,0,1,0,0],"masksToBounds":false,"rotation":0,"scale":1,"position":{"pointX":512,"pointY":384},"width":1024,"sublayerTransform":[1,0,0,0,0,1,0,0,0,0,1,0,0,0,0,1],"contentsRect":{"y":0,"x":0,"width":1,"height":1},"opacity":1,"edgeAntialiasingMask":0,"height":768,"hidden":false,"anchorPoint":{"pointX":0.5,"pointY":0.5}},"texture":"E962873798FC6DA614CA96F00CE5DA19"},{"animations":[{"timeOffset":0,"from":{"scalar":false},"beginTime":0,"repeatCount":0,"fillMode":"both","property":"hidden","autoreverses":false,"duration":0.01,"to":{"scalar":true}}],"layers":[],"texturedRectangle":{"isBackgroundTexture":false,"singleTextureOpacity":1,"textureType":0,"textBaseline":0,"textXHeight":0,"isVerticalText":false},"initialState":{"affineTransform":[1,0,0,1,0,0],"masksToBounds":false,"rotation":0,"scale":1,"position":{"pointX":512,"pointY":384},"width":1024,"sublayerTransform":[1,0,0,0,0,1,0,0,0,0,1,0,0,0,0,1],"contentsRect":{"y":0,"x":0,"width":1,"height":1},"opacity":1,"edgeAntialiasingMask":0,"height":768,"hidden":false,"anchorPoint":{"pointX":0.5,"pointY":0.5}},"texture":"225A04CFC03E005168938DB8EE041E59"}]}]},"effects":[],"duration":0.01,"type":"transition","attributes":{"direction":0},"name":"none","objectID":"0"}],"automaticPlay":false,"hyperlinks":[{"url":"https:\/\/wikidocs.net\/46496","targetRectangle":{"y":716.68791449069977,"x":33.384920597076416,"width":286.72800000000001,"height":28.928002929687523}}],"accessibility":[{"text":"=","targetRectangle":{"y":437.8480831530037,"x":894.64026494908023,"width":14.399999999999977,"height":28.3038330078125}},{"text":"et","targetRectangle":{"y":438.76562482554726,"x":943.62958562981009,"width":19.557999999999993,"height":26.361846923828125}},{"text":"rnnlm2_final_final.PNG","targetRectangle":{"y":199.72561645507812,"x":189.95550537109375,"width":644.0889892578125,"height":422.72802734375}},{"text":"RNNLM의 구조","targetRectangle":{"y":66,"x":314.69,"width":394.61999999999995,"height":77.239904642105103}},{"text":"x","targetRectangle":{"y":437.84808314864227,"x":809.10214146753799,"width":12.888000000000034,"height":28.3038330078125}},{"text":"lookup table","targetRectangle":{"y":503.16513427728705,"x":472.30969684879989,"width":141.71999999999997,"height":28.3038330078125}},{"text":"https:\/\/wikidocs.net\/46496","targetRectangle":{"y":716.68791449069977,"x":33.384920597076416,"width":286.72800000000001,"height":28.928002929687523}},{"text":"Xt","targetRectangle":{"y":419.29687495929466,"x":839.62973318435081,"width":21.581999999999994,"height":26.361846923828125}},{"text":"embedding layer","targetRectangle":{"y":532.97762384065766,"x":887.56278983557945,"width":123.79399999999998,"height":53.361846923828125}},{"text":"스크린샷 2020-02-19 오후 11.27.06.png","targetRectangle":{"y":245.87195121951197,"x":57.565979189988809,"width":238.36587524414062,"height":208.12159729003906}},{"text":"Embedding table(E)","targetRectangle":{"y":424.76562470052306,"x":644.69948613999395,"width":122.64999999999986,"height":53.361846923828125}},{"text":"* 임베딩층 : et = lookup(xt)","targetRectangle":{"y":194.02272434060131,"x":28.372598767280294,"width":283.20000000000005,"height":30.295961856842041}},{"text":"one-hot vector of fat","targetRectangle":{"y":288.83129604996697,"x":784.57493276130754,"width":127.13800000000003,"height":53.361846923828125}}],"baseLayer":{"animations":[],"initialState":{"affineTransform":[1,0,0,1,0,0],"masksToBounds":false,"rotation":0,"scale":1,"position":{"pointX":512,"pointY":384},"width":1024,"sublayerTransform":[1,0,0,0,0,1,0,0,0,0,1,0,0,0,0,1],"contentsRect":{"y":0,"x":0,"width":1,"height":1},"opacity":1,"edgeAntialiasingMask":251658240,"height":768,"hidden":false,"anchorPoint":{"pointX":0.5,"pointY":0.5}},"objectID":"0","layers":[{"animations":[],"initialState":{"affineTransform":[1,0,0,1,0,0],"masksToBounds":false,"rotation":0,"scale":1,"position":{"pointX":512,"pointY":384},"width":1024,"sublayerTransform":[1,0,0,0,0,1,0,0,0,0,1,-0.00049229876906403734,0,0,0,1],"contentsRect":{"y":0,"x":0,"width":1,"height":1},"opacity":1,"edgeAntialiasingMask":251658240,"height":768,"hidden":false,"anchorPoint":{"pointX":0.5,"pointY":0.5}},"layers":[{"animations":[],"layers":[],"texturedRectangle":{"isBackgroundTexture":false,"singleTextureOpacity":1,"textureType":0,"textBaseline":0,"textXHeight":0,"isVerticalText":false},"initialState":{"affineTransform":[1,0,0,1,0,0],"masksToBounds":false,"rotation":0,"scale":1,"position":{"pointX":512,"pointY":384},"width":1024,"sublayerTransform":[1,0,0,0,0,1,0,0,0,0,1,0,0,0,0,1],"contentsRect":{"y":0,"x":0,"width":1,"height":1},"opacity":1,"edgeAntialiasingMask":0,"height":768,"hidden":false,"anchorPoint":{"pointX":0.5,"pointY":0.5}},"texture":"225A04CFC03E005168938DB8EE041E59"}]}]}}]}